aX,aY,aZ
0.579,0.743,0.732
0.586,0.798,0.755
0.611,0.828,0.767
0.623,0.883,0.786
0.653,0.903,0.795
0.665,0.928,0.808
0.681,0.935,0.815
0.692,0.938,0.824
0.707,0.934,0.834
0.712,0.911,0.84
0.716,0.892,0.865
0.712,0.847,0.88
0.686,0.819,0.92
0.667,0.773,0.937
0.629,0.75,0.956
0.569,0.675,0.951
0.546,0.628,0.932
0.404,0.489,0.866
0.445,0.386,0.996
0.517,0.239,0.994
0.465,0.241,0.951
0.365,0.184,0.951
0.346,0.177,0.938
0.289,0.229,0.935
0.277,0.238,0.935
0.255,0.241,0.929
0.239,0.257,0.89
0.228,0.282,0.863
0.231,0.276,0.801
0.238,0.329,0.763
0.239,0.387,0.686
0.238,0.458,0.656
0.246,0.61,0.615
0.277,0.555,0.597
0.293,0.621,0.567
0.329,0.647,0.563
0.347,0.663,0.578
0.385,0.661,0.59
0.406,0.642,0.613
0.447,0.627,0.627
0.464,0.591,0.651
0.489,0.572,0.66
0.5,0.537,0.671
0.512,0.523,0.672
0.515,0.502,0.676
0.511,0.482,0.673
0.511,0.425,0.671
0.485,0.415,0.693
0.464,0.366,0.749
0.452,0.343,0.808
0.44,0.278,0.836
0.441,0.247,0.882
0.438,0.203,0.899
0.437,0.194,0.926
0.438,0.176,0.937
0.438,0.167,0.956
0.436,0.153,0.964
0.433,0.147,0.985
0.443,0.142,0.993
0.448,0.145,0.996
0.466,0.158,0.988
0.478,0.171,0.974
0.505,0.213,0.964
0.517,0.261,0.943
0.544,0.287,0.935
0.554,0.309,0.925
0.566,0.346,0.916
0.566,0.369,0.9
0.557,0.374,0.893
0.55,0.375,0.886
0.536,0.368,0.881
0.53,0.348,0.873
0.513,0.333,0.869
0.379,0.295,0.868
0.49,0.275,0.878
0.491,0.241,0.891
0.507,0.228,0.923
0.526,0.189,0.935
0.531,0.161,0.958
0.539,0.096,0.972
0.543,0.064,1.002
0.554,0.01,1.018
0.559,-0.005,1.043
0.571,-0.016,1.049
0.577,0.007,1.053
0.577,0.033,1.053
0.572,0.081,1.047
0.548,0.102,1.037
0.529,0.116,1.002
0.507,0.13,0.976
0.496,0.157,0.931
0.471,0.173,0.915
0.455,0.191,0.882
0.421,0.193,0.864
0.408,0.201,0.83
0.389,0.21,0.817
0.388,0.243,0.799
0.401,0.263,0.797
0.408,0.301,0.8
0.419,0.312,0.803
0.42,0.314,0.809
0.42,0.305,0.812
0.419,0.284,0.819
0.429,0.27,0.828
0.436,0.233,0.843
0.445,0.207,0.854
0.451,0.158,0.882
0.468,0.133,0.899
0.476,0.084,0.934
0.492,0.061,0.944
0.501,0.032,0.958
0.508,0.028,0.965
0.508,0.03,0.966
0.505,0.033,0.968
0.489,0.039,0.959
0.48,0.042,0.934
0.468,0.053,0.922
0.465,0.064,0.895
0.461,0.088,0.884
0.502,0.916,0.619
0.48,0.945,0.611
0.46,0.998,0.632
0.453,1.021,0.642
0.441,1.011,0.63
0.429,0.991,0.622
0.427,0.981,0.633
0.418,0.934,0.666
0.39,0.913,0.691
0.383,0.827,0.745
0.366,0.763,0.772
0.357,0.617,0.826
0.358,0.553,0.978
0.355,0.468,0.908
0.34,0.443,0.936
0.353,0.406,0.994
0.357,0.405,0.996
0.358,0.399,0.996
0.347,0.403,0.997
0.346,0.425,0.985
0.309,0.43,0.966
0.306,0.492,0.922
0.33,0.504,0.807
0.353,0.539,0.755
0.38,0.562,0.69
0.425,0.61,0.653
0.417,0.625,0.583
0.39,0.658,0.548
0.399,0.704,0.468
0.407,0.761,0.427
0.401,0.775,0.371
0.38,0.803,0.351
0.366,0.822,0.315
0.334,0.858,0.299
0.318,0.897,0.282
0.299,0.912,0.277
0.301,0.924,0.277
0.332,0.909,0.284
0.346,0.836,0.31
0.381,0.796,0.334
0.407,0.724,0.378
0.456,0.688,0.424
0.511,0.627,0.451
0.532,0.595,0.517
0.577,0.581,0.545
0.591,0.585,0.594
0.626,0.596,0.613
0.635,0.599,0.668
0.675,0.622,0.695
0.686,0.62,0.704
0.696,0.6,0.698
0.719,0.602,0.643
0.739,0.58,0.603
0.737,0.576,0.528
0.734,0.586,0.488
0.721,0.587,0.397
0.68,0.588,0.345
0.653,0.597,0.238
0.578,0.595,0.186
0.54,0.616,0.098
0.508,0.621,0.017
0.487,0.632,-0.018
0.482,0.657,-0.051
0.465,0.668,-0.06
0.466,0.662,-0.076
0.454,0.626,-0.081
0.454,0.735,-0.063
0.463,0.672,-0.057
0.47,0.634,-0.041
0.504,0.608,-0.029
0.523,0.599,0.003
0.569,0.584,0.03
0.726,0.648,0.053
0.671,0.647,0.102
0.712,0.551,0.138
0.743,0.57,0.171
0.82,0.504,0.179
0.852,0.502,0.159
0.896,0.454,0.164
0.896,0.463,0.165
0.864,0.473,0.166
0.852,0.455,0.136
0.813,0.472,0.118
0.802,0.463,0.128
0.791,0.422,0.124
0.794,0.417,0.112
0.799,0.397,0.079
0.818,0.392,0.057
0.83,0.361,0.04
0.853,0.339,0.028
0.856,0.398,-0.018
0.85,0.427,-0.043
0.809,0.398,-0.034
0.81,0.413,-0.056
0.844,0.391,-0.072
0.856,0.261,-0.096
0.912,0.362,-0.126
0.93,0.415,-0.195
0.964,0.438,-0.215
0.939,0.466,-0.226
0.916,0.459,-0.227
0.909,0.475,-0.244
0.907,0.431,-0.244
0.849,0.361,-0.255
0.838,0.365,-0.302
0.863,0.407,-0.35
0.885,0.398,-0.399
0.917,0.354,-0.402
0.917,0.305,-0.378
0.896,0.252,-0.331
0.855,0.181,-0.321
0.836,0.138,-0.317
0.844,0.13,-0.331
0.863,0.002,-0.323
0.895,0.095,-0.311
0.903,0.068,-0.282
0.893,0.051,-0.271
0.875,0.035,-0.258
0.85,0.015,-0.279
0.368,0.444,1.333
0.427,0.632,1.435
0.444,0.621,1.688
0.406,0.509,1.768
0.346,0.384,1.77
0.232,0.063,1.737
0.214,-0.04,1.625
0.344,-0.103,1.548
0.461,-0.102,1.318
0.549,-0.067,1.194
0.529,0.004,1.051
0.436,0.036,1.024
0.383,0.082,0.956
0.283,0.097,0.922
0.248,0.164,0.883
0.206,0.208,0.872
0.194,0.26,0.841
0.187,0.279,0.833
0.19,0.303,0.847
0.21,0.293,0.854
0.213,0.25,0.862
0.223,0.228,0.872
0.232,0.156,0.88
0.24,0.114,0.879
0.244,0.045,0.884
0.249,0.017,0.886
0.247,-0.024,0.894
0.24,-0.029,0.893
0.24,-0.011,0.888
0.231,0.003,0.889
0.228,0.028,0.887
0.221,0.042,0.882
0.217,0.068,0.874
0.214,0.075,0.875
0.208,0.096,0.872
0.203,0.1,0.865
0.202,0.11,0.854
0.195,0.11,0.848
0.193,0.109,0.832
0.184,0.113,0.832
0.163,0.157,0.875
0.157,0.193,1.061
0.16,0.209,1.081
0.128,0.18,1.163
0.156,0.1,1.2
0.208,0.078,1.242
0.296,0.046,1.251
0.33,0.039,1.24
0.397,0.035,1.224
0.413,0.029,1.173
0.41,0.021,1.149
0.401,0.02,1.119
0.379,0.039,1.109
0.366,0.053,1.079
0.318,0.052,1.093
0.291,0.08,1.057
0.283,0.112,1.014
0.28,0.123,1.025
0.292,0.137,0.998
0.26,0.109,0.979
0.239,0.142,1.001
0.249,0.163,1.013
0.247,0.148,0.967
0.238,0.179,0.961
0.253,0.203,0.966
0.238,0.199,0.959
0.22,0.201,0.939
0.201,0.227,0.941
0.196,0.248,0.936
0.177,0.242,0.928
0.156,0.203,0.937
0.13,0.195,0.954
0.134,0.153,0.978
0.138,0.146,0.98
0.145,0.15,0.999
0.163,0.168,1.013
0.169,0.182,1.022
0.167,0.189,1.027
0.164,0.195,1.032
0.15,0.192,1.034
0.146,0.184,1.039
0.139,0.162,1.037
0.139,0.145,1.028
0.122,0.103,1.019
0.116,0.095,1.018
0.148,0.096,1.033
0.167,0.106,1.057
0.208,0.13,1.058
0.216,0.136,1.046
0.206,0.136,1.047
0.195,0.127,1.061
0.177,0.116,1.067
0.167,0.083,1.071
0.168,0.063,1.076
0.171,0.035,1.091
0.172,0.031,1.1
0.17,0.035,1.124
0.161,0.047,1.139
0.154,0.086,1.134
0.138,0.105,1.127
0.135,0.149,1.124
0.135,0.175,1.119
0.138,0.206,1.116
0.142,0.217,1.125
0.137,0.23,1.137
0.122,0.242,1.139
0.114,0.253,1.141
0.105,0.261,1.148
0.103,0.275,1.166
0.105,0.283,1.175
0.111,0.288,1.197
0.126,0.293,1.207
0.135,0.3,1.227
0.15,0.296,1.239
0.158,0.295,1.258
0.155,0.287,1.257
0.15,0.268,1.259
0.15,0.265,1.26
0.161,0.273,1.261
0.454,0.39,1.301
0.43,0.421,1.359
0.428,0.405,1.449
0.41,0.26,1.463
0.417,0.203,1.423
0.437,0.093,1.377
0.437,0.035,1.256
0.43,-0.049,1.203
0.407,-0.065,1.118
0.367,-0.047,1.089
0.333,-0.028,1.052
0.25,0.018,1.027
0.213,0.036,0.991
0.17,0.047,0.98
0.158,0.041,0.951
0.13,0.014,0.935
0.135,0.009,0.916
0.177,0.012,0.919
0.188,0.022,0.929
0.192,0.031,0.937
0.187,0.061,0.964
0.184,0.042,0.965
0.202,0.038,0.964
0.212,0.023,0.968
0.213,0.006,0.969
0.216,0,0.994
0.224,0.016,1.01
0.226,0.048,1.017
0.228,0.044,1.017
0.23,0.077,1.037
0.247,0.09,1.048
0.253,0.101,1.04
0.257,0.117,1.036
0.254,0.126,1.061
0.243,0.141,1.074
0.249,0.152,1.089
0.254,0.15,1.098
0.253,0.134,1.119
0.248,0.123,1.122
0.243,0.119,1.13
0.229,0.124,1.139
0.223,0.127,1.155
0.213,0.142,1.156
0.213,0.157,1.158
0.213,0.17,1.16
0.216,0.189,1.169
0.233,0.203,1.171
0.246,0.23,1.187
0.273,0.239,1.195
0.276,0.265,1.201
0.283,0.272,1.204
0.288,0.289,1.209
0.297,0.293,1.207
0.3,0.302,1.201
0.306,0.302,1.204
0.308,0.304,1.203
0.303,0.3,1.19
0.301,0.274,1.186
0.293,0.249,1.193
0.275,0.146,1.168
0.264,0.119,1.189
0.223,0.205,1.172
0.119,0.241,1.178
0.081,0.267,1.173
0.034,0.265,1.173
0.006,0.232,1.151
-0.082,0.184,1.116
-0.123,0.151,1.055
-0.069,0.154,1.093
-0.022,0.158,1.167
-0.034,0.193,1.025
0.107,0.214,1.128
0.101,0.244,1.108
0.247,0.367,1.076
0.159,0.385,1.065
0.161,0.409,1.057
0.159,0.424,1.063
0.203,0.435,1.096
0.259,0.468,1.045
0.232,0.479,1.006
0.219,0.48,0.971
0.244,0.508,0.966
0.257,0.51,0.958
0.237,0.464,0.955
0.207,0.467,0.947
0.138,0.437,0.937
0.122,0.405,0.945
0.146,0.334,0.95
0.144,0.317,0.932
0.137,0.292,0.92
0.146,0.293,0.913
0.2,0.305,0.914
0.244,0.382,0.891
0.262,0.451,0.874
0.285,0.492,0.857
0.304,0.571,0.839
0.346,0.605,0.821
0.365,0.663,0.777
0.37,0.687,0.741
0.368,0.724,0.667
0.349,0.735,0.628
0.344,0.762,0.556
0.325,0.772,0.517
0.312,0.775,0.447
0.304,0.772,0.42
0.3,0.747,0.359
0.297,0.747,0.34
0.291,0.73,0.313
0.281,0.727,0.312
0.286,0.735,0.344
0.301,0.742,0.363
0.315,0.741,0.4
0.347,0.743,0.41
0.355,0.752,0.402
0.391,0.775,0.395
0.418,0.843,0.383
0.438,0.869,0.377
0.435,0.895,0.358
0.425,0.904,0.357
1.238,-0.061,-0.736
1.272,-0.065,-0.738
1.293,-0.077,-0.734
1.345,-0.08,-0.721
1.392,-0.088,-0.713
1.414,-0.097,-0.689
1.446,-0.105,-0.673
1.446,-0.105,-0.647
1.427,-0.105,-0.634
1.411,-0.101,-0.618
1.385,-0.093,-0.615
1.365,-0.08,-0.606
1.362,-0.089,-0.577
1.372,-0.098,-0.553
1.38,-0.109,-0.49
1.403,-0.117,-0.452
1.416,-0.146,-0.375
1.415,-0.166,-0.294
1.39,-0.203,-0.257
1.364,-0.208,-0.192
1.284,-0.206,-0.168
1.24,-0.171,-0.14
1.158,-0.146,-0.137
1.125,-0.11,-0.129
1.057,-0.104,-0.122
0.975,-0.098,-0.117
0.943,-0.091,-0.1
0.892,-0.081,-0.097
0.874,-0.065,-0.091
0.836,-0.062,-0.081
0.82,-0.052,-0.059
0.792,-0.045,-0.047
0.776,-0.035,-0.033
0.771,-0.034,-0.023
0.761,-0.038,-0.015
0.758,-0.036,-0.008
0.752,-0.029,-0.009
0.749,-0.027,-0.026
0.741,-0.026,-0.041
0.726,-0.032,-0.086
0.715,-0.026,-0.148
0.719,-0.019,-0.215
0.72,-0.011,-0.251
0.682,-0.02,-0.319
0.729,0.029,-0.328
0.758,0.028,-0.381
0.765,0.009,-0.402
0.771,-0.036,-0.42
0.79,-0.053,-0.429
0.799,-0.075,-0.45
0.802,-0.087,-0.482
0.81,-0.118,-0.487
0.823,-0.137,-0.489
0.846,-0.143,-0.497
0.861,-0.125,-0.511
0.881,-0.131,-0.511
0.899,-0.152,-0.505
0.987,-0.208,-0.491
1.008,-0.228,-0.476
1.035,-0.261,-0.474
1.038,-0.269,-0.472
1.04,-0.289,-0.47
1.025,-0.347,-0.45
1.002,-0.33,-0.453
1.027,-0.345,-0.466
1.052,-0.356,-0.474
1.023,-0.366,-0.48
1,-0.375,-0.481
0.962,-0.393,-0.48
0.944,-0.401,-0.489
0.926,-0.409,-0.493
0.921,-0.429,-0.5
0.914,-0.433,-0.496
0.901,-0.439,-0.492
0.9,-0.444,-0.474
0.9,-0.438,-0.463
0.905,-0.441,-0.44
0.914,-0.443,-0.427
0.914,-0.443,-0.396
0.908,-0.439,-0.366
0.887,-0.432,-0.352
0.881,-0.428,-0.327
0.882,-0.42,-0.315
0.882,-0.404,-0.304
0.884,-0.394,-0.302
0.884,-0.372,-0.309
0.889,-0.364,-0.322
0.898,-0.345,-0.329
0.902,-0.341,-0.346
0.909,-0.333,-0.355
0.913,-0.328,-0.373
0.922,-0.311,-0.378
0.927,-0.291,-0.395
0.935,-0.281,-0.401
0.944,-0.259,-0.403
0.96,-0.25,-0.395
0.982,-0.234,-0.394
0.994,-0.227,-0.382
1.01,-0.217,-0.373
1.013,-0.219,-0.355
1.017,-0.224,-0.348
1.016,-0.228,-0.343
1.012,-0.225,-0.345
1.004,-0.225,-0.359
1.002,-0.224,-0.393
0.994,-0.216,-0.41
0.988,-0.21,-0.452
0.976,-0.202,-0.471
0.973,-0.19,-0.509
0.965,-0.183,-0.522
0.963,-0.175,-0.542
0.954,-0.174,-0.559
0.939,-0.179,-0.56
0.933,-0.181,-0.561
0.915,-0.18,-0.563
0.913,-0.177,-0.556
0.905,-0.176,-0.552
0.901,-0.176,-0.548
0.893,-0.177,-0.538
0.404,0.578,1.038
0.439,0.566,1.041
0.463,0.55,1.062
0.516,0.527,1.078
0.541,0.522,1.118
0.594,0.512,1.139
0.625,0.516,1.169
0.644,0.457,1.19
0.632,0.413,1.248
0.605,0.365,1.271
0.599,0.354,1.286
0.59,0.337,1.284
0.586,0.323,1.262
0.563,0.273,1.25
0.554,0.253,1.238
0.534,0.23,1.222
0.517,0.216,1.175
0.462,0.2,1.15
0.429,0.193,1.098
0.373,0.194,1.073
0.355,0.197,1.028
0.325,0.203,1.01
0.319,0.211,0.982
0.308,0.215,0.973
0.307,0.215,0.958
0.304,0.205,0.952
0.305,0.2,0.937
0.315,0.19,0.935
0.323,0.188,0.938
0.339,0.186,0.937
0.347,0.189,0.945
0.365,0.187,0.951
0.372,0.187,0.959
0.388,0.184,0.964
0.394,0.176,0.97
0.397,0.157,0.971
0.392,0.142,0.956
0.375,0.122,0.943
0.368,0.116,0.912
0.368,0.114,0.895
0.372,0.114,0.871
0.378,0.122,0.865
0.383,0.128,0.857
0.39,0.141,0.858
0.392,0.143,0.865
0.393,0.141,0.868
0.391,0.139,0.874
0.409,0.127,0.882
0.431,0.121,0.903
0.456,0.105,0.904
0.374,0.079,0.892
0.367,0.103,0.902
0.386,0.143,0.912
0.399,0.157,0.933
0.39,0.207,1.029
0.381,0.237,1.092
0.386,0.225,1.195
0.407,0.188,1.236
0.42,0.117,1.285
0.465,0.088,1.298
0.493,0.053,1.298
0.554,0.04,1.292
0.575,0.029,1.267
0.579,0.036,1.249
0.562,0.078,1.215
0.503,0.106,1.199
0.468,0.147,1.169
0.406,0.157,1.158
0.385,0.171,1.122
0.378,0.171,1.113
0.413,0.195,1.134
0.409,0.175,1.129
0.365,0.126,1.103
0.282,0.133,1.102
0.284,0.182,1.112
0.289,0.183,1.104
0.276,0.143,1.098
0.245,0.122,1.103
0.238,0.097,1.121
0.222,0.089,1.123
0.211,0.081,1.125
0.197,0.083,1.127
0.19,0.092,1.129
0.187,0.092,1.132
0.191,0.097,1.145
0.194,0.101,1.154
0.196,0.104,1.179
0.195,0.102,1.195
0.195,0.095,1.223
0.197,0.094,1.233
0.202,0.098,1.238
0.222,0.123,1.238
0.238,0.161,1.238
0.268,0.178,1.234
0.285,0.21,1.22
0.307,0.224,1.212
0.316,0.361,1.195
0.335,0.268,1.184
0.346,0.274,1.169
0.358,0.268,1.154
0.361,0.267,1.114
0.368,0.263,1.092
0.369,0.266,1.046
0.365,0.278,1.024
0.361,0.287,0.99
0.344,0.304,0.973
0.336,0.318,0.946
0.326,0.338,0.934
0.321,0.346,0.915
0.321,0.362,0.911
0.316,0.37,0.899
0.308,0.395,0.895
0.304,0.4,0.897
0.305,0.396,0.904
0.308,0.393,0.915
0.317,0.381,0.92
0.323,0.362,0.919
0.319,0.313,0.919
0.322,0.334,0.93
0.78,0.583,0.671
0.787,0.579,0.633
0.785,0.539,0.618
0.789,0.522,0.591
0.771,0.505,0.565
0.76,0.487,0.529
0.767,0.467,0.51
0.783,0.448,0.492
0.803,0.42,0.462
0.789,0.406,0.382
0.783,0.364,0.354
0.765,0.374,0.263
0.734,0.383,0.227
0.711,0.417,0.125
0.685,0.447,0.099
0.674,0.466,0.035
0.669,0.506,0.006
0.677,0.52,-0.02
0.698,0.532,-0.032
0.712,0.54,-0.039
0.751,0.557,-0.044
0.771,0.559,-0.052
0.805,0.565,-0.048
0.821,0.563,-0.048
0.854,0.555,-0.044
0.865,0.543,-0.035
0.885,0.537,-0.024
0.894,0.518,0
0.902,0.505,0.008
0.905,0.467,0.021
0.905,0.45,0.03
0.903,0.445,0.042
0.881,0.471,0.037
0.865,0.496,0.014
0.843,0.518,0.005
0.839,0.329,-0.025
0.807,0.399,-0.039
0.763,0.605,-0.126
0.714,0.629,-0.147
0.699,0.606,-0.156
0.696,0.596,-0.14
0.696,0.637,-0.138
0.699,0.646,-0.131
0.69,0.645,-0.122
0.676,0.646,-0.104
0.666,0.652,-0.105
0.655,0.654,-0.112
0.645,0.676,-0.114
0.647,0.691,-0.117
0.643,0.718,-0.114
0.651,0.729,-0.088
0.684,0.717,-0.07
0.698,0.677,-0.039
0.716,0.657,-0.028
0.719,0.621,-0.025
0.703,0.603,-0.032
0.692,0.564,-0.056
0.646,0.545,-0.068
0.623,0.502,-0.096
0.588,0.474,-0.129
0.557,0.424,-0.143
0.539,0.397,-0.165
0.508,0.338,-0.176
0.492,0.305,-0.194
0.445,0.236,-0.209
0.428,0.2,-0.239
0.415,0.147,-0.258
0.406,0.119,-0.299
0.376,0.12,-0.317
0.363,0.132,-0.362
0.333,0.137,-0.392
0.322,0.155,-0.464
0.332,0.171,-0.491
0.371,0.183,-0.526
0.482,0.183,-0.529
0.643,0.161,-0.504
0.727,0.152,-0.407
0.884,0.132,-0.345
0.954,0.106,-0.238
1.077,0.029,-0.195
1.123,-0.015,-0.118
1.181,-0.083,-0.092
1.195,-0.12,-0.099
1.182,-0.127,-0.123
1.16,-0.129,-0.21
1.088,-0.133,-0.269
0.965,-0.115,-0.405
0.898,-0.089,-0.531
0.763,-0.06,-0.586
0.697,-0.056,-0.717
0.598,-0.117,-0.787
0.53,-0.154,-0.963
0.408,-0.07,-1.041
0.391,-0.047,-1.021
0.416,-0.068,-0.927
0.461,-0.071,-0.922
0.483,-0.069,-0.951
0.543,-0.067,-0.947
0.584,-0.07,-0.885
0.645,-0.09,-0.855
0.674,-0.11,-0.813
0.754,-0.118,-0.799
0.8,-0.122,-0.772
0.894,-0.126,-0.733
0.978,-0.141,-0.712
1.015,-0.15,-0.682
1.078,-0.162,-0.674
1.109,-0.172,-0.656
1.154,-0.179,-0.645
1.158,-0.207,-0.62
1.132,-0.226,-0.61
1.098,-0.262,-0.615
1.082,-0.27,-0.639
1.027,-0.269,-0.687
1.003,-0.256,-0.732
0.957,-0.251,-0.752
0.938,-0.251,-0.792
0.915,-0.25,-0.825
0.904,-0.243,-0.837
0.699,0.418,0.958
0.721,0.449,1.024
0.776,0.507,1.064
0.804,0.535,1.129
0.86,0.594,1.154
0.885,0.62,1.209
0.93,0.645,1.237
0.949,0.642,1.285
0.981,0.626,1.307
0.994,0.613,1.332
0.987,0.579,1.336
0.974,0.551,1.331
0.917,0.473,1.318
0.872,0.427,1.275
0.771,0.309,1.247
0.714,0.252,1.187
0.604,0.157,1.158
0.552,0.118,1.101
0.455,0.071,1.073
0.415,0.052,1.025
0.361,0.038,1.003
0.336,0.043,0.956
0.303,0.069,0.935
0.293,0.097,0.898
0.289,0.156,0.877
0.291,0.188,0.828
0.303,0.225,0.804
0.31,0.238,0.769
0.325,0.251,0.754
0.334,0.258,0.737
0.346,0.261,0.733
0.348,0.258,0.741
0.358,0.255,0.747
0.361,0.248,0.759
0.368,0.222,0.765
0.37,0.204,0.774
0.385,0.165,0.782
0.391,0.152,0.79
0.407,0.143,0.793
0.418,0.14,0.809
0.429,0.145,0.817
0.431,0.153,0.839
0.432,0.154,0.85
0.437,0.149,0.872
0.441,0.126,0.879
0.45,0.12,0.895
0.456,0.119,0.903
0.466,0.121,0.908
0.468,0.142,0.922
0.462,0.156,0.929
0.454,0.186,0.943
0.436,0.2,0.951
0.427,0.203,0.96
0.418,0.215,0.994
0.406,0.212,1.002
0.401,0.199,1.019
0.388,0.194,1.033
0.383,0.193,1.064
0.369,0.196,1.082
0.358,0.195,1.111
0.349,0.19,1.134
0.348,0.179,1.175
0.337,0.173,1.194
0.323,0.173,1.239
0.308,0.165,1.262
0.304,0.122,1.296
0.305,0.097,1.297
0.312,0.057,1.279
0.309,0.052,1.266
0.296,0.075,1.248
0.274,0.098,1.248
0.264,0.133,1.258
0.238,0.139,1.251
0.229,0.145,1.238
0.224,0.146,1.234
0.224,0.151,1.221
0.235,0.155,1.218
0.241,0.164,1.208
0.264,0.169,1.207
0.277,0.179,1.205
0.3,0.18,1.206
0.312,0.172,1.21
0.331,0.168,1.211
0.339,0.161,1.211
0.35,0.163,1.206
0.352,0.158,1.186
0.356,0.16,1.181
0.36,0.165,1.166
0.364,0.167,1.153
0.363,0.174,1.125
0.366,0.183,1.11
0.366,0.191,1.086
0.36,0.194,1.073
0.357,0.186,1.05
0.345,0.178,1.037
0.333,0.173,1.016
0.328,0.182,1.008
0.328,0.196,0.987
0.326,0.212,0.979
0.324,0.253,0.96
0.325,0.271,0.955
0.324,0.296,0.94
0.312,0.31,0.934
0.308,0.339,0.918
0.287,0.351,0.908
0.28,0.376,0.893
0.278,0.39,0.883
0.285,0.415,0.869
0.295,0.425,0.859
0.294,0.423,0.834
0.281,0.417,0.819
0.27,0.404,0.792
0.258,0.4,0.781
0.256,0.392,0.767
0.261,0.392,0.759
0.273,0.393,0.756
0.289,0.396,0.746
0.294,0.405,0.74
0.311,0.417,0.736
0.631,0.607,0.763
0.593,0.62,0.721
0.574,0.629,0.645
0.547,0.632,0.626
0.54,0.652,0.608
0.518,0.662,0.588
0.506,0.699,0.55
0.49,0.707,0.54
0.482,0.714,0.513
0.47,0.713,0.503
0.465,0.707,0.485
0.455,0.703,0.475
0.455,0.677,0.469
0.468,0.67,0.47
0.468,0.677,0.463
0.475,0.679,0.468
0.478,0.683,0.479
0.483,0.687,0.475
0.48,0.698,0.453
0.482,0.684,0.452
0.481,0.679,0.418
0.458,0.678,0.397
0.45,0.686,0.369
0.445,0.684,0.36
0.439,0.685,0.321
0.432,0.686,0.295
0.429,0.693,0.25
0.424,0.691,0.238
0.423,0.692,0.224
0.438,0.706,0.218
0.451,0.712,0.216
0.47,0.718,0.214
0.478,0.719,0.209
0.496,0.709,0.203
0.506,0.693,0.202
0.518,0.691,0.203
0.529,0.694,0.179
0.553,0.695,0.17
0.56,0.733,0.135
0.572,0.759,0.102
0.581,0.798,0.036
0.618,0.839,0.009
0.64,0.91,0.009
0.674,0.954,0.019
0.684,0.986,0.016
0.673,0.967,0.013
0.655,0.921,0.028
0.638,0.894,0.041
0.636,0.854,0.035
0.681,0.828,0.048
0.69,0.794,0.061
0.703,0.782,0.073
0.706,0.754,0.107
0.713,0.749,0.119
0.715,0.727,0.139
0.71,0.712,0.148
0.712,0.71,0.16
0.714,0.708,0.161
0.717,0.701,0.159
0.724,0.693,0.159
0.726,0.676,0.158
0.731,0.669,0.166
0.728,0.674,0.156
0.712,0.651,0.144
0.683,0.628,0.111
0.653,0.627,0.087
0.648,0.606,0.053
0.611,0.593,0.037
0.582,0.556,0.021
0.499,0.539,0.021
0.484,0.538,0.012
0.472,0.529,-0.01
0.459,0.522,-0.046
0.458,0.541,-0.06
0.468,0.559,-0.089
0.472,0.561,-0.104
0.466,0.563,-0.118
0.478,0.574,-0.243
0.481,0.571,-0.141
0.477,0.565,-0.149
0.47,0.545,-0.149
0.48,0.532,-0.143
0.491,0.501,-0.149
0.483,0.488,-0.164
0.47,0.463,-0.171
0.467,0.45,-0.183
0.471,0.442,-0.192
0.474,0.421,-0.198
0.491,0.409,-0.203
0.506,0.4,-0.199
0.533,0.397,-0.18
0.529,0.448,-0.186
0.523,0.464,-0.202
0.52,0.476,-0.214
0.537,0.475,-0.208
0.552,0.46,-0.204
0.584,0.454,-0.212
0.594,0.44,-0.234
0.617,0.439,-0.252
0.632,0.438,-0.256
0.65,0.439,-0.254
0.713,0.427,-0.245
0.75,0.43,-0.233
0.815,0.408,-0.219
0.838,0.398,-0.203
0.874,0.368,-0.198
0.881,0.339,-0.203
0.887,0.331,-0.208
0.888,0.31,-0.212
0.882,0.3,-0.215
0.88,0.282,-0.223
0.874,0.28,-0.23
0.877,0.27,-0.233
0.889,0.261,-0.233
0.888,0.24,-0.239
0.896,0.237,-0.222
0.909,0.223,-0.219
0.913,0.209,-0.216
0.923,0.195,-0.218
0.451,0.438,1.267
0.357,0.358,1.233
0.176,0.308,1.24
0.157,0.332,1.252
0.159,0.41,1.254
0.201,0.423,1.239
0.184,0.382,1.235
0.121,0.39,1.237
0.104,0.403,1.247
0.189,0.464,1.281
0.312,0.489,1.267
0.141,0.422,1.214
0.04,0.376,1.173
-0.038,0.42,1.176
0.116,0.53,1.238
0.153,0.526,1.237
0.15,0.484,1.218
0.151,0.481,1.222
0.161,0.463,1.242
0.182,0.454,1.124
0.197,0.437,1.247
0.206,0.423,1.249
0.216,0.394,1.248
0.225,0.384,1.372
0.232,0.364,1.25
0.247,0.356,1.246
0.253,0.345,1.225
0.268,0.338,1.218
0.273,0.327,1.186
0.269,0.328,1.167
0.27,0.334,1.139
0.265,0.336,1.119
0.257,0.336,1.074
0.246,0.338,1.055
0.238,0.342,1.006
0.23,0.351,0.977
0.235,0.384,0.922
0.267,0.405,0.899
0.288,0.441,0.869
0.333,0.465,0.86
0.349,0.52,0.851
0.385,0.548,0.85
0.408,0.577,0.858
0.46,0.585,0.865
0.488,0.6,0.895
0.538,0.603,0.914
0.557,0.596,0.961
0.61,0.545,1.051
0.627,0.522,1.072
0.627,0.475,1.11
0.623,0.453,1.123
0.615,0.418,1.137
0.592,0.401,1.139
0.579,0.368,1.131
0.541,0.349,1.129
0.516,0.323,1.139
0.45,0.326,1.147
0.416,0.349,1.175
0.373,0.35,1.188
0.358,0.305,1.177
0.316,0.263,1.153
0.301,0.19,1.075
0.298,0.165,1.016
0.303,0.138,0.897
0.303,0.15,0.841
0.294,0.212,0.779
0.261,0.244,0.773
0.241,0.292,0.793
0.211,0.308,0.811
0.207,0.331,0.854
0.286,0.346,0.885
0.32,0.309,0.904
0.254,0.261,0.894
0.208,0.231,0.89
0.22,0.257,0.897
0.25,0.276,0.895
0.259,0.258,0.893
0.249,0.244,0.914
0.233,0.226,0.927
0.231,0.206,0.943
0.222,0.191,0.945
0.218,0.176,0.952
0.22,0.153,0.96
0.227,0.145,0.981
0.248,0.128,0.993
0.261,0.122,1.013
0.285,0.112,1.017
0.295,0.109,1.019
0.315,0.114,1.023
0.323,0.118,1.026
0.333,0.135,1.032
0.351,0.16,1.071
0.457,0.175,1.072
0.442,0.138,1.018
0.369,0.083,1.004
0.331,0.074,0.976
0.359,0.13,0.98
0.39,0.162,1.007
0.403,0.173,1.019
0.397,0.164,1.041
0.404,0.146,1.048
0.422,0.134,1.055
0.459,0.093,1.053
0.471,0.072,1.052
0.475,0.04,1.057
0.471,0.036,1.063
0.458,0.034,1.066
0.447,0.036,1.072
0.434,0.041,1.08
0.428,0.053,1.102
0.411,0.078,1.12
0.398,0.096,1.159
0.373,0.122,1.175
0.363,0.135,1.211
0.351,0.14,1.23
0.343,0.135,1.258
0.329,0.119,1.273
0.327,0.11,1.298
0.323,0.097,1.308
0.574,0.264,1.408
0.556,0.37,1.734
0.725,0.511,1.933
0.821,0.407,2.245
0.787,-0.13,2.27
0.685,-0.399,1.995
0.694,-0.525,1.748
0.693,-0.59,1.425
0.666,-0.799,1.35
0.631,-0.87,1.117
0.453,-0.68,1.017
0.386,-0.41,0.923
0.288,-0.27,0.908
0.245,-0.032,0.884
0.203,0.037,0.752
0.202,0.129,0.834
0.224,0.133,0.773
0.242,0.161,0.754
0.241,0.173,0.868
0.369,0.182,0.771
0.256,0.195,0.778
0.261,0.181,0.782
0.28,0.182,0.828
0.304,0.2,0.875
0.369,0.192,0.926
0.403,0.111,0.991
0.423,0.075,1.01
0.41,-0.028,1.053
0.421,-0.068,1.061
0.363,-0.116,1.075
0.347,-0.168,1.055
0.368,-0.266,1.028
0.353,-0.243,0.974
0.307,-0.24,0.976
0.317,-0.257,0.979
0.326,-0.27,0.965
0.323,-0.231,0.987
0.302,-0.204,1.007
0.296,-0.148,1.037
0.3,-0.117,1.06
0.344,-0.141,1.072
0.373,-0.162,1.096
0.365,-0.154,1.096
0.366,-0.176,1.086
0.424,-0.251,1.073
0.376,-0.204,1.087
0.293,-0.198,1.093
0.275,-0.132,1.045
0.27,-0.121,1.016
0.248,-0.122,0.998
0.27,-0.145,1.013
0.233,-0.097,1.062
0.232,-0.101,1.097
0.253,-0.087,1.085
0.277,-0.089,1.049
0.286,-0.142,1.039
0.268,-0.16,1.052
0.242,-0.128,1.052
0.243,-0.102,1.031
0.256,-0.154,1.032
0.225,-0.117,1.025
0.218,-0.096,1.034
0.209,-0.065,1
0.184,-0.051,0.988
0.168,-0.023,0.963
0.142,-0.02,0.958
0.131,-0.029,0.964
0.095,-0.058,0.971
0.074,-0.127,1.023
0.076,-0.137,1.093
0.097,-0.162,1.117
0.118,-0.179,1.166
0.149,-0.21,1.185
0.166,-0.218,1.217
0.192,-0.186,1.23
0.207,-0.162,1.237
0.199,-0.161,1.248
0.189,-0.167,1.262
0.167,-0.169,1.277
0.18,-0.142,1.294
0.19,-0.144,1.279
0.186,-0.13,1.246
0.191,-0.117,1.24
0.212,-0.085,1.243
0.227,-0.062,1.254
0.255,-0.02,1.243
0.284,-0.018,1.227
0.311,-0.026,1.192
0.331,-0.014,1.183
0.324,0.124,1.146
0.301,0.027,1.127
0.297,0.043,1.074
0.291,0.075,1.048
0.29,0.089,1.018
0.283,0.123,1.007
0.277,0.14,0.993
0.252,0.17,0.987
0.244,0.178,0.98
0.229,0.179,0.981
0.231,0.182,0.991
0.23,0.188,0.989
0.226,0.2,0.98
0.242,0.238,0.987
0.247,0.258,1.015
0.27,0.297,1.033
0.285,0.324,1.068
0.314,0.374,1.085
0.327,0.384,1.101
0.358,0.401,1.109
0.368,0.405,1.103
0.369,0.413,1.092
0.363,0.419,1.057
0.346,0.419,1.036
0.333,0.432,0.977
0.315,0.444,0.945
0.309,0.453,0.878
0.292,0.455,0.853
0.295,0.479,0.823
0.289,0.504,0.805
0.4,-0.388,2
0.929,0.078,2.271
1.102,1.113,1.646
0.812,0.632,1.499
0.622,-0.032,1.92
0.613,0.476,1.847
0.574,0.869,0.828
0.268,0.804,0.443
0.144,0.968,0.1
0.066,1.156,-0.048
0.032,1.219,-0.273
-0.053,1.111,-0.268
-0.086,0.969,-0.15
-0.053,0.919,0.016
-0.018,0.672,0.114
0.012,0.538,0.387
0.141,0.372,0.533
0.22,0.343,0.775
0.385,0.331,0.852
0.44,0.328,0.966
0.521,0.389,1.01
0.554,0.416,1.085
0.612,0.437,1.129
0.648,0.42,1.259
0.678,0.396,1.33
0.662,0.361,1.479
0.643,0.232,1.537
0.634,0.175,1.593
0.618,0.058,1.603
0.613,0.017,1.598
0.575,-0.019,1.571
0.552,-0.019,1.48
0.522,0.008,1.423
0.51,0.047,1.296
0.488,0.147,1.233
0.478,0.203,1.12
0.456,0.328,1.074
0.444,0.38,1.002
0.436,0.46,0.99
0.433,0.506,1.004
0.432,0.512,1.019
0.432,0.513,1.052
0.431,0.512,1.07
0.435,0.517,1.105
0.439,0.504,1.247
0.434,0.469,1.121
0.424,0.451,1.122
0.424,0.429,1.118
0.43,0.423,1.112
0.438,0.415,1.116
0.448,0.426,1.119
0.448,0.385,1.126
0.443,0.354,1.124
0.44,0.29,1.108
0.428,0.291,1.1
0.417,0.389,1.097
0.406,0.407,1.097
0.411,0.383,1.061
0.413,0.39,1.031
0.412,0.442,0.99
0.406,0.471,0.979
0.412,0.506,0.962
0.427,0.521,0.947
0.428,0.546,0.911
0.421,0.556,0.893
0.416,0.567,0.865
0.405,0.562,0.858
0.399,0.566,0.853
0.391,0.565,0.854
0.382,0.542,0.849
0.374,0.518,0.836
0.372,0.468,0.833
0.377,0.443,0.828
0.37,0.413,0.811
0.361,0.404,0.773
0.351,0.404,0.756
0.346,0.416,0.721
0.343,0.437,0.702
0.346,0.44,0.668
0.361,0.455,0.648
0.367,0.463,0.622
0.38,0.461,0.612
0.383,0.454,0.603
0.384,0.438,0.602
0.39,0.42,0.606
0.401,0.405,0.611
0.407,0.378,0.63
0.422,0.366,0.64
0.427,0.353,0.666
0.434,0.35,0.678
0.436,0.348,0.699
0.435,0.347,0.707
0.428,0.347,0.714
0.41,0.348,0.718
0.401,0.352,0.718
0.385,0.355,0.713
0.378,0.358,0.701
0.372,0.363,0.694
0.362,0.386,0.675
0.342,0.402,0.663
0.331,0.436,0.635
0.311,0.449,0.623
0.305,0.459,0.612
0.304,0.46,0.619
0.305,0.445,0.649
0.32,0.432,0.673
0.323,0.419,0.73
0.328,0.393,0.76
0.335,0.257,0.817
0.348,0.358,0.847
0.353,0.331,0.904
0.356,0.314,0.931
0.357,0.295,0.976
0.353,0.253,0.991
0.353,0.232,1.018
0.338,0.199,1.026
0.333,0.184,1.038
0.32,0.165,1.046
0.325,0.154,1.066
0.52,0.365,1.417
0.622,0.486,1.532
0.505,0.356,1.579
0.381,0.168,1.645
0.184,-0.136,1.631
0.153,-0.267,1.509
0.224,-0.373,1.426
0.297,-0.318,1.265
0.408,-0.244,1.194
0.428,-0.065,1.149
0.404,0.04,1.17
0.372,0.221,1.223
0.269,0.291,1.24
0.217,0.362,1.241
0.151,0.358,1.226
0.125,0.288,1.189
0.099,0.231,1.186
0.099,0.117,1.21
0.097,0.072,1.229
0.11,0.009,1.28
0.138,-0.005,1.304
0.147,-0.007,1.331
0.173,-0.003,1.34
0.183,0.039,1.357
0.194,0.068,1.366
0.194,0.122,1.369
0.186,0.145,1.362
0.181,0.179,1.345
0.17,0.188,1.336
0.169,0.214,1.308
0.175,0.231,1.296
0.176,0.25,1.265
0.176,0.278,1.249
0.178,0.291,1.204
0.173,0.31,1.162
0.169,0.333,1.106
0.161,0.395,1.089
0.155,0.42,1.053
0.139,0.432,1.032
0.13,0.432,0.994
0.111,0.427,0.98
0.113,0.435,0.967
0.139,0.473,0.959
0.158,0.491,0.961
0.195,0.497,0.973
0.197,0.503,0.97
0.222,0.504,0.97
0.235,0.485,0.949
0.251,0.396,0.935
0.247,0.4,0.91
0.228,0.447,0.897
0.187,0.447,0.751
0.161,0.404,0.777
0.18,0.389,0.871
0.218,0.397,0.899
0.208,0.396,0.832
0.194,0.406,0.786
0.203,0.426,0.737
0.222,0.457,0.732
0.231,0.477,0.748
0.263,0.53,0.761
0.275,0.561,0.758
0.297,0.584,0.753
0.307,0.574,0.746
0.316,0.545,0.741
0.314,0.537,0.749
0.322,0.543,0.732
0.316,0.567,0.669
0.286,0.559,0.651
0.275,0.542,0.635
0.269,0.532,0.622
0.267,0.51,0.615
0.285,0.458,0.615
0.281,0.463,0.559
0.261,0.473,0.525
0.265,0.471,0.489
0.285,0.494,0.465
0.288,0.495,0.436
0.311,0.505,0.43
0.333,0.505,0.421
0.376,0.501,0.419
0.386,0.497,0.411
0.387,0.473,0.401
0.399,0.456,0.385
0.422,0.425,0.361
0.422,0.412,0.354
0.501,0.462,0.325
0.514,0.451,0.253
0.499,0.414,0.238
0.494,0.408,0.22
0.508,0.426,0.211
0.519,0.435,0.175
0.529,0.443,0.154
0.54,0.462,0.123
0.555,0.506,0.109
0.557,0.536,0.088
0.571,0.601,0.058
0.565,0.605,0.033
0.575,0.628,0.035
0.584,0.569,0.021
0.59,0.601,0.015
0.587,0.644,0.01
0.583,0.642,0.005
0.59,0.603,0.014
0.608,0.563,0.016
0.609,0.554,0.009
0.611,0.533,0.003
0.613,0.526,-0.02
0.61,0.486,-0.036
0.62,0.469,-0.046
0.655,0.438,-0.053
0.672,0.419,-0.061
0.709,0.393,-0.062
0.718,0.371,-0.067
0.719,0.356,-0.08
0.719,0.351,-0.116
0.719,0.342,-0.137
0.718,0.338,-0.172
0.707,0.344,-0.186
0.646,0.553,1.196
0.761,0.732,1.651
0.914,0.843,1.883
0.937,0.709,2.044
0.819,0.171,1.959
0.694,-0.149,1.653
0.486,-0.531,1.453
0.428,-0.567,1.05
0.348,-0.421,0.893
0.308,-0.281,0.743
0.249,0.042,0.745
0.226,0.312,0.8
0.214,0.385,0.836
0.224,0.43,0.889
0.255,0.429,0.896
0.275,0.272,0.886
0.313,0.3,0.875
0.329,0.132,0.845
0.343,0.21,0.83
0.341,0.204,0.811
0.338,0.209,0.811
0.339,0.24,0.796
0.345,0.249,0.797
0.35,0.244,0.84
0.371,0.229,0.873
0.377,0.183,0.931
0.379,0.15,0.959
0.386,0.076,1.022
0.414,0.045,1.042
0.417,0.021,1.058
0.429,0.026,1.063
0.436,0.053,1.077
0.435,0.078,1.073
0.427,0.128,1.049
0.413,0.157,1.039
0.406,0.205,1.012
0.389,0.221,0.998
0.376,0.231,0.967
0.356,0.228,0.953
0.352,0.221,0.93
0.346,0.217,0.923
0.346,0.211,0.921
0.35,0.212,0.924
0.351,0.215,0.934
0.355,0.215,0.939
0.352,0.21,0.956
0.345,0.206,0.961
0.343,0.199,0.965
0.336,0.195,0.966
0.335,0.193,0.97
0.331,0.197,0.969
0.326,0.213,0.959
0.318,0.22,0.957
0.317,0.228,0.948
0.314,0.243,0.942
0.319,0.246,0.947
0.328,0.244,0.948
0.344,0.23,0.952
0.349,0.226,0.964
0.35,0.216,0.966
0.345,0.213,0.98
0.35,0.2,0.996
0.353,0.194,1
0.332,0.178,0.986
0.323,0.171,0.98
0.311,0.166,0.972
0.302,0.163,0.949
0.299,0.163,0.953
0.303,0.174,0.955
0.297,0.193,0.941
0.282,0.202,0.935
0.282,0.217,0.936
0.277,0.222,0.934
0.274,0.217,0.927
0.273,0.212,0.931
0.27,0.206,0.929
0.27,0.2,0.93
0.273,0.19,0.932
0.284,0.187,0.935
0.291,0.185,0.941
0.304,0.184,0.939
0.312,0.183,0.946
0.331,0.185,0.946
0.339,0.189,0.943
0.345,0.188,0.941
0.349,0.182,0.941
0.351,0.18,0.946
0.355,0.174,0.949
0.351,0.176,0.944
0.337,0.189,0.936
0.329,0.19,0.927
0.314,0.197,0.924
0.307,0.197,0.923
0.301,0.203,0.922
0.296,0.203,0.922
0.296,0.198,0.922
0.294,0.196,0.929
0.295,0.191,0.931
0.292,0.188,0.943
0.302,0.185,0.951
0.306,0.185,0.972
0.318,0.179,0.983
0.326,0.175,1.003
0.324,0.169,1
0.323,0.164,1.002
0.325,0.163,1.002
0.326,0.167,0.995
0.329,0.18,0.992
0.33,0.183,0.985
0.332,0.182,0.979
0.328,0.177,0.961
0.314,0.179,0.951
0.311,0.181,0.931
0.299,0.187,0.923
0.298,0.19,0.914
0.296,0.199,0.91
0.293,0.201,0.906
0.287,0.203,0.907
0.285,0.202,0.919
1.148,-0.233,-0.607
1.203,-0.258,-0.6
1.218,-0.289,-0.598
1.172,-0.304,-0.636
1.134,-0.302,-0.664
1.099,-0.296,-0.736
1.011,-0.283,-0.778
0.951,-0.27,-0.872
0.837,-0.265,-0.912
0.793,-0.26,-0.974
0.635,-0.269,-1.005
0.608,-0.266,-0.985
0.577,-0.245,-0.97
0.566,-0.232,-0.941
0.57,-0.225,-0.903
0.586,-0.205,-0.814
0.668,-0.202,-0.764
0.826,-0.206,-0.637
0.911,-0.211,-0.505
1.053,-0.207,-0.438
1.105,-0.191,-0.352
1.168,-0.193,-0.332
1.18,-0.198,-0.321
1.19,-0.211,-0.332
1.172,-0.244,-0.348
1.147,-0.257,-0.396
1.075,-0.273,-0.427
1.037,-0.273,-0.495
0.966,-0.27,-0.52
0.934,-0.267,-0.545
0.885,-0.263,-0.555
0.86,-0.264,-0.562
0.854,-0.265,-0.562
0.871,-0.266,-0.553
0.886,-0.266,-0.528
0.915,-0.266,-0.514
0.94,-0.287,-0.469
1.008,-0.301,-0.452
1.061,-0.308,-0.45
1.078,-0.306,-0.456
1.092,-0.307,-0.462
1.094,-0.312,-0.467
1.084,-0.315,-0.468
1.067,-0.326,-0.455
1.031,-0.345,-0.448
1.027,-0.385,-0.459
1.022,-0.395,-0.482
0.997,-0.397,-0.496
0.974,-0.396,-0.522
0.915,-0.394,-0.531
0.869,-0.402,-0.539
0.856,-0.41,-0.55
0.849,-0.435,-0.557
0.849,-0.447,-0.582
0.838,-0.447,-0.594
0.84,-0.454,-0.605
0.835,-0.456,-0.739
0.835,-0.462,-0.634
0.842,-0.461,-0.634
0.861,-0.459,-0.631
0.871,-0.461,-0.629
0.891,-0.472,-0.625
0.9,-0.491,-0.607
0.916,-0.494,-0.593
0.925,-0.492,-0.588
0.923,-0.49,-0.59
0.902,-0.49,-0.592
0.897,-0.488,-0.604
0.913,-0.504,-0.61
0.905,-0.514,-0.629
0.889,-0.52,-0.636
0.886,-0.533,-0.643
0.87,-0.541,-0.646
0.856,-0.546,-0.651
0.849,-0.544,-0.66
0.834,-0.54,-0.664
0.826,-0.549,-0.675
0.802,-0.549,-0.68
0.791,-0.54,-0.683
0.779,-0.533,-0.675
0.784,-0.512,-0.668
0.791,-0.501,-0.639
0.811,-0.49,-0.621
0.82,-0.486,-0.578
0.835,-0.487,-0.558
0.843,-0.486,-0.517
0.86,-0.483,-0.486
0.877,-0.484,-0.476
0.89,-0.485,-0.458
0.92,-0.478,-0.452
0.935,-0.463,-0.448
0.965,-0.448,-0.447
0.976,-0.405,-0.457
0.997,-0.386,-0.469
1.01,-0.344,-0.477
1.018,-0.326,-0.496
1.03,-0.293,-0.504
1.034,-0.273,-0.52
1.023,-0.266,-0.531
1.006,-0.264,-0.56
0.994,-0.27,-0.585
0.971,-0.283,-0.596
0.958,-0.29,-0.614
0.921,-0.294,-0.619
0.901,-0.298,-0.621
0.874,-0.301,-0.618
0.868,-0.308,-0.608
0.868,-0.311,-0.591
0.87,-0.306,-0.581
0.866,-0.304,-0.561
0.863,-0.286,-0.551
0.858,-0.271,-0.537
0.848,-0.263,-0.535
0.845,-0.25,-0.534
0.838,-0.239,-0.533
0.836,-0.219,-0.531
0.834,-0.207,-0.526
0.827,-0.183,-0.52
0.824,-0.162,-0.52
0.468,0.381,1.425
0.524,0.394,1.564
0.516,0.379,1.745
0.425,0.349,1.821
0.39,0.338,1.974
0.405,0.299,2.05
0.404,0.239,2.121
0.2,0.271,2.085
0.142,0.242,2.077
0.096,0.252,2.087
0.057,0.273,2.008
-0.048,0.284,1.946
-0.083,0.314,1.84
-0.124,0.346,1.799
-0.13,0.406,1.684
-0.145,0.436,1.616
-0.002,0.508,1.523
-0.05,0.562,1.446
-0.024,0.579,1.383
-0.009,0.553,1.347
0.01,0.541,1.274
0.048,0.502,1.244
0.07,0.477,1.189
0.091,0.5,1.159
0.101,0.525,1.118
0.157,0.56,1.11
0.191,0.578,1.097
0.264,0.62,1.098
0.304,0.652,1.119
0.357,0.703,1.133
0.383,0.718,1.171
0.428,0.738,1.19
0.438,0.747,1.22
0.448,0.716,1.235
0.452,0.688,1.261
0.46,0.639,1.273
0.462,0.617,1.301
0.465,0.574,1.308
0.463,0.541,1.323
0.458,0.529,1.331
0.455,0.505,1.348
0.445,0.488,1.348
0.437,0.453,1.338
0.417,0.43,1.325
0.403,0.362,1.293
0.377,0.331,1.264
0.334,0.331,1.233
0.266,0.314,1.208
0.244,0.279,1.122
0.214,0.269,1.079
0.204,0.257,1.023
0.197,0.261,1.002
0.199,0.27,0.967
0.211,0.273,0.944
0.215,0.278,0.895
0.22,0.282,0.872
0.223,0.284,0.823
0.228,0.286,0.781
0.245,0.291,0.766
0.255,0.29,0.74
0.265,0.279,0.732
0.271,0.268,0.707
0.278,0.247,0.696
0.281,0.24,0.683
0.302,0.223,0.681
0.309,0.218,0.698
0.32,0.216,0.709
0.322,0.215,0.728
0.323,0.212,0.739
0.322,0.212,0.75
0.318,0.206,0.762
0.313,0.207,0.768
0.308,0.206,0.778
0.299,0.209,0.79
0.299,0.224,0.81
0.29,0.23,0.818
0.288,0.266,0.848
0.266,0.337,0.89
0.238,0.523,1.044
0.278,0.601,1.142
0.313,0.546,1.33
0.342,0.478,1.47
0.424,0.324,1.484
0.45,0.233,1.402
0.498,0.103,1.348
0.521,0.1,1.19
0.494,0.204,1.095
0.459,0.286,0.948
0.373,0.448,0.9
0.345,0.498,0.847
0.317,0.523,0.833
0.324,0.5,0.841
0.346,0.422,0.853
0.353,0.381,0.858
0.345,0.304,0.856
0.328,0.268,0.846
0.281,0.214,0.836
0.259,0.2,0.807
0.233,0.186,0.798
0.228,0.182,0.793
0.235,0.187,0.798
0.244,0.196,0.819
0.275,0.224,0.834
0.299,0.369,0.873
0.345,0.285,0.89
0.366,0.303,0.925
0.406,0.326,0.942
0.423,0.337,0.979
0.447,0.337,0.995
0.456,0.329,1.022
0.47,0.323,1.03
0.472,0.303,1.034
0.461,0.292,1.028
0.452,0.281,1.009
0.424,0.276,0.995
0.41,0.269,0.964
0.38,0.27,0.95
0.366,0.273,0.917
0.343,0.279,0.904
0.295,0.611,1.122
0.288,0.576,1.121
0.291,0.566,1.123
0.332,0.555,1.125
0.361,0.568,1.142
0.469,0.705,1.185
0.655,1.497,2.272
1.07,2.917,2.804
1.446,2.863,3.374
1.624,2.032,3.181
1.449,0.482,2.541
0.862,0.058,2.243
0.569,-0.342,1.614
0.116,-0.382,1.246
0.037,-0.322,0.663
0.015,-0.215,0.39
0.041,0.108,0.486
-0.006,0.281,0.676
-0.065,0.53,0.753
-0.131,0.588,0.805
-0.145,0.536,0.759
-0.115,0.488,0.647
0.008,0.402,0.616
0.087,0.382,0.62
0.208,0.378,0.621
0.253,0.386,0.603
0.317,0.398,0.588
0.338,0.417,0.558
0.356,0.447,0.533
0.358,0.448,0.498
0.362,0.449,0.495
0.361,0.444,0.519
0.369,0.422,0.538
0.376,0.405,0.588
0.394,0.363,0.616
0.401,0.35,0.668
0.408,0.33,0.686
0.416,0.322,0.708
0.419,0.307,0.718
0.415,0.299,0.737
0.403,0.281,0.749
0.391,0.274,0.769
0.363,0.273,0.773
0.347,0.276,0.78
0.324,0.281,0.786
0.319,0.284,0.797
0.297,0.296,0.801
0.294,0.303,0.811
0.296,0.315,0.819
0.29,0.317,0.825
0.278,0.323,0.826
0.278,0.323,0.834
0.286,0.324,0.839
0.287,0.326,0.845
0.27,0.352,0.862
0.253,0.407,1
0.222,0.566,1.103
0.222,0.632,1.325
0.367,0.673,1.346
0.3,0.614,1.439
0.306,0.431,1.452
0.345,0.345,1.445
0.375,0.224,1.364
0.425,0.217,1.215
0.442,0.273,1.156
0.439,0.332,1.112
0.418,0.444,1.051
0.358,0.48,1.028
0.332,0.507,0.986
0.3,0.503,0.964
0.298,0.478,0.916
0.306,0.459,0.765
0.312,0.419,0.837
0.322,0.406,0.813
0.326,0.38,0.777
0.324,0.371,0.767
0.325,0.355,0.756
0.304,0.342,0.744
0.29,0.314,0.723
0.264,0.307,0.716
0.255,0.299,0.718
0.242,0.294,0.72
0.237,0.301,0.738
0.243,0.307,0.756
0.249,0.323,0.799
0.263,0.328,0.822
0.267,0.344,0.874
0.288,0.348,0.899
0.303,0.355,0.947
0.315,0.352,0.979
0.313,0.339,0.991
0.311,0.334,1.004
0.305,0.323,1.007
0.304,0.318,1.007
0.311,0.315,1.005
0.3,0.31,0.999
0.31,0.322,0.995
0.311,0.321,0.982
0.306,0.317,0.976
0.304,0.317,0.957
0.298,0.313,0.946
0.303,0.313,0.925
0.283,0.314,0.909
0.285,0.319,0.893
0.284,0.332,0.887
0.284,0.335,0.877
0.289,0.335,0.877
0.293,0.334,0.871
0.3,0.328,0.871
0.301,0.328,0.869
0.316,0.336,0.872
0.325,0.338,0.884
0.334,0.339,0.892
0.336,0.34,0.903
0.346,0.339,0.907
0.348,0.34,0.912
0.349,0.344,0.915
0.348,0.353,0.917
0.346,0.351,0.921
0.471,0.517,1.04
0.454,0.585,1.004
0.414,0.621,0.982
0.382,0.672,0.926
0.326,0.691,0.901
0.305,0.711,0.855
0.273,0.717,0.837
0.255,0.733,0.808
0.238,0.741,0.794
0.23,0.755,0.769
0.198,0.766,0.76
0.19,0.79,0.748
0.171,0.802,0.747
0.163,0.786,0.744
0.138,0.781,0.738
0.14,0.784,0.727
0.146,0.79,0.713
0.155,0.815,0.689
0.166,0.882,0.693
0.175,0.906,0.653
0.178,0.87,0.634
0.176,0.874,0.623
0.107,0.876,0.615
0.131,0.841,0.655
0.193,0.853,0.677
0.198,0.888,0.717
0.202,0.871,0.728
0.189,0.802,0.761
0.205,0.781,0.806
0.254,0.812,0.886
0.244,0.761,0.859
0.208,0.694,0.859
0.139,0.69,0.879
0.203,0.786,0.904
0.282,0.844,0.865
0.294,0.918,0.757
0.308,0.947,0.723
0.308,0.997,0.678
0.316,1.021,0.664
0.303,1.033,0.61
0.274,1.035,0.582
0.26,1.046,0.51
0.241,1.038,0.478
0.235,1.006,0.424
0.233,0.985,0.411
0.232,0.942,0.403
0.224,0.894,0.39
0.212,0.871,0.38
0.195,0.909,0.367
0.192,0.957,0.346
0.183,0.945,0.337
0.175,0.874,0.366
0.163,0.844,0.39
0.16,0.771,0.434
0.173,0.747,0.449
0.187,0.711,0.461
0.216,0.681,0.463
0.358,0.663,0.476
0.264,0.662,0.479
0.281,0.665,0.491
0.305,0.67,0.502
0.317,0.68,0.533
0.351,0.687,0.539
0.399,0.682,0.515
0.431,0.683,0.499
0.446,0.684,0.456
0.469,0.695,0.422
0.446,0.708,0.258
0.45,0.739,0.258
0.46,0.765,0.25
0.431,0.808,0.21
0.391,0.813,0.078
0.302,0.816,0.026
0.263,0.811,-0.035
0.197,0.769,-0.045
0.174,0.739,-0.043
0.136,0.725,-0.046
0.121,0.723,-0.045
0.097,0.696,-0.04
0.085,0.671,-0.029
0.072,0.675,-0.026
0.062,0.665,-0.039
0.056,0.664,-0.042
0.06,0.662,-0.045
0.085,0.653,-0.042
0.132,0.631,-0.024
0.165,0.63,-0.004
0.235,0.638,0.002
0.267,0.651,-0.001
0.329,0.683,-0.008
0.358,0.691,-0.021
0.417,0.712,-0.021
0.448,0.725,-0.029
0.516,0.731,-0.034
0.577,0.725,-0.032
0.598,0.727,-0.012
0.671,0.763,-0.017
0.677,0.729,-0.026
0.669,0.717,-0.015
0.661,0.716,-0.015
0.632,0.674,-0.022
0.616,0.657,-0.033
0.594,0.606,-0.034
0.58,0.545,-0.029
0.544,0.512,-0.019
0.554,0.514,-0.024
0.546,0.479,-0.042
0.535,0.471,-0.06
0.53,0.473,-0.074
0.531,0.475,-0.116
0.539,0.476,-0.148
0.587,0.493,-0.153
0.621,0.501,-0.147
0.711,0.507,-0.131
0.763,0.503,-0.096
0.851,0.49,-0.08
0.887,0.469,-0.064
0.923,0.463,-0.066
0.959,0.432,-0.057
0.407,0.724,0.865
0.416,0.699,0.91
0.414,0.682,0.92
0.407,0.653,0.948
0.434,0.644,0.97
0.519,0.599,1.056
0.417,0.61,1.026
0.359,0.59,0.974
0.323,0.555,0.971
0.303,0.543,0.998
0.287,0.548,1.006
0.271,0.53,0.983
0.239,0.529,0.976
0.235,0.557,0.974
0.232,0.568,0.976
0.224,0.586,0.968
0.218,0.587,0.956
0.216,0.596,0.95
0.217,0.603,0.929
0.212,0.629,0.916
0.21,0.651,0.887
0.207,0.676,0.882
0.222,0.681,0.871
0.229,0.687,0.861
0.226,0.687,0.846
0.226,0.711,0.836
0.245,0.724,0.834
0.259,0.724,0.834
0.28,0.718,0.838
0.286,0.711,0.847
0.298,0.699,0.85
0.307,0.668,0.862
0.333,0.654,0.996
0.347,0.632,0.881
0.372,0.625,0.889
0.384,0.594,0.921
0.405,0.58,0.935
0.398,0.571,0.933
0.382,0.569,0.928
0.382,0.563,0.928
0.381,0.561,0.928
0.382,0.555,0.928
0.379,0.546,0.924
0.376,0.523,0.907
0.369,0.523,0.895
0.374,0.53,0.887
0.383,0.539,0.883
0.387,0.563,0.872
0.402,0.578,0.868
0.409,0.627,0.865
0.434,0.66,0.87
0.451,0.741,0.933
0.45,0.852,1.04
0.436,1.218,1.362
0.544,1.393,1.557
0.643,1.452,1.967
0.758,1.324,2.08
0.747,0.796,2.053
0.683,0.527,1.833
0.661,0.161,1.556
0.604,0.043,1.193
0.574,-0.041,0.988
0.476,-0.006,0.798
0.285,0.105,0.744
0.184,0.177,0.677
0.027,0.308,0.657
-0.014,0.367,0.635
-0.043,0.442,0.621
-0.043,0.462,0.614
0.002,0.453,0.625
0.041,0.429,0.663
0.123,0.391,0.687
0.163,0.374,0.726
0.232,0.366,0.737
0.251,0.352,0.736
0.268,0.348,0.731
0.271,0.341,0.705
0.255,0.338,0.691
0.248,0.342,0.682
0.227,0.344,0.683
0.223,0.349,0.691
0.22,0.353,0.697
0.222,0.351,0.717
0.219,0.366,0.863
0.215,0.435,0.83
0.195,0.477,0.893
0.191,0.509,1.034
0.205,0.489,1.215
0.224,0.431,1.191
0.289,0.4,1.223
0.32,0.349,1.227
0.358,0.33,1.175
0.381,0.296,1.139
0.381,0.29,1.07
0.373,0.313,1.037
0.362,0.339,0.989
0.336,0.399,0.972
0.324,0.426,0.941
0.308,0.464,0.929
0.306,0.469,0.909
0.307,0.468,0.906
0.309,0.463,0.897
0.306,0.447,0.894
0.306,0.438,0.89
0.306,0.427,0.885
0.301,0.422,0.868
0.298,0.408,0.862
0.293,0.401,0.846
0.285,0.39,0.837
0.282,0.389,0.83
0.276,0.387,0.826
0.277,0.389,0.82
0.279,0.395,0.82
0.282,0.398,0.819
0.286,0.406,0.82
0.288,0.408,0.828
0.291,0.415,0.837
0.295,0.415,0.857
0.301,0.419,0.866
0.309,0.545,1.163
0.311,0.547,1.163
0.31,0.549,1.161
0.31,0.552,1.151
0.294,0.553,1.146
0.284,0.551,1.133
0.265,0.55,1.123
0.253,0.543,1.11
0.235,0.535,1.107
0.226,0.516,1.101
0.217,0.508,1.098
0.21,0.504,1.082
0.195,0.508,1.079
0.189,0.514,1.062
0.178,0.522,1.051
0.175,0.532,1.022
0.171,0.542,0.88
0.173,0.556,0.972
0.194,0.561,0.956
0.2,0.576,0.92
0.217,0.585,0.903
0.226,0.58,0.864
0.285,0.597,0.831
0.285,0.623,0.818
0.246,0.614,0.789
0.217,0.616,0.781
0.24,0.64,0.739
0.253,0.647,0.706
0.254,0.638,0.652
0.249,0.63,0.636
0.247,0.633,0.616
0.237,0.608,0.606
0.269,0.63,0.585
0.239,0.574,0.546
0.249,0.571,0.576
0.317,0.562,0.581
0.346,0.582,0.548
0.387,0.571,0.535
0.413,0.58,0.539
0.461,0.626,0.543
0.464,0.655,0.555
0.478,0.723,0.532
0.434,0.708,0.448
0.456,0.718,0.489
0.509,0.649,0.652
0.607,0.812,0.658
0.593,0.83,0.588
0.579,0.783,0.589
0.541,0.741,0.591
0.616,0.712,0.651
0.651,0.708,0.666
0.623,0.715,0.628
0.613,0.722,0.562
0.606,0.752,0.546
0.592,0.769,0.52
0.567,0.806,0.508
0.554,0.813,0.457
0.538,0.822,0.431
0.534,0.82,0.373
0.54,0.844,0.349
0.526,0.845,0.275
0.515,0.798,0.225
0.49,0.811,0.204
0.47,0.844,0.163
0.442,0.844,0.144
0.433,0.819,0.122
0.424,0.811,0.113
0.42,0.801,0.112
0.406,0.793,0.108
0.399,0.767,0.102
0.387,0.754,0.091
0.376,0.758,0.068
0.371,0.768,0.057
0.369,0.784,0.058
0.369,0.789,0.079
0.377,0.793,0.093
0.375,0.788,0.12
0.378,0.768,0.134
0.386,0.755,0.159
0.412,0.734,0.167
0.422,0.721,0.172
0.445,0.696,0.172
0.443,0.706,0.132
0.437,0.733,0.108
0.431,0.741,0.042
0.432,0.736,0.009
0.435,0.727,-0.005
0.434,0.719,-0.02
0.435,0.697,-0.022
0.433,0.685,-0.019
0.443,0.672,-0.015
0.45,0.659,-0.005
0.45,0.648,-0.004
0.446,0.617,-0.008
0.437,0.607,-0.016
0.44,0.585,-0.012
0.442,0.575,-0.001
0.441,0.555,0.005
0.444,0.555,0.012
0.451,0.564,0.007
0.452,0.569,-0.015
0.442,0.571,-0.029
0.434,0.57,-0.059
0.431,0.565,-0.066
0.438,0.559,-0.073
0.453,0.553,-0.07
0.463,0.533,-0.063
0.467,0.521,-0.064
0.468,0.501,-0.073
0.475,0.491,-0.08
0.49,0.464,-0.089
0.504,0.449,-0.083
0.542,0.429,-0.075
0.561,0.42,-0.063
0.593,0.413,-0.065
0.605,0.407,-0.072
0.614,0.384,-0.075
0.619,0.364,-0.087
0.626,0.36,-0.1
0.364,0.528,1.123
0.372,0.533,1.189
0.512,0.559,1.232
0.419,0.585,1.172
0.292,0.625,1.152
0.293,0.614,1.134
0.269,0.59,1.135
0.254,0.57,1.16
0.25,0.556,1.173
0.253,0.533,1.191
0.242,0.526,1.191
0.238,0.527,1.181
0.228,0.526,1.171
0.222,0.516,1.157
0.218,0.506,1.152
0.219,0.494,1.134
0.217,0.494,1.123
0.218,0.484,1.11
0.176,0.473,1.097
0.153,0.443,1.065
0.134,0.433,1.06
0.134,0.437,1.04
0.133,0.432,1.031
0.146,0.43,1.009
0.159,0.427,1
0.166,0.424,0.975
0.174,0.426,0.962
0.184,0.429,0.932
0.18,0.44,0.915
0.174,0.438,0.901
0.209,0.454,0.898
0.214,0.475,0.941
0.177,0.593,0.993
0.219,0.987,1.153
0.407,1.097,1.229
0.431,1.098,1.384
0.47,0.917,1.481
0.468,0.76,1.632
0.39,0.319,1.627
0.373,0.138,1.581
0.485,0.118,1.488
0.535,0.158,1.206
0.57,0.216,1.094
0.577,0.26,0.963
0.555,0.445,0.922
0.549,0.529,0.896
0.508,0.515,0.895
0.493,0.521,0.883
0.453,0.514,0.872
0.416,0.524,0.835
0.363,0.525,0.818
0.356,0.517,0.793
0.38,0.512,0.784
0.395,0.487,0.781
0.411,0.466,0.783
0.41,0.42,0.772
0.39,0.399,0.762
0.375,0.362,0.731
0.34,0.353,0.717
0.324,0.354,0.699
0.296,0.36,0.699
0.286,0.371,0.717
0.27,0.373,0.731
0.272,0.366,0.774
0.291,0.362,0.807
0.306,0.352,0.87
0.332,0.351,0.895
0.34,0.347,0.932
0.345,0.348,0.955
0.334,0.348,0.964
0.325,0.35,0.967
0.319,0.353,0.966
0.309,0.356,0.964
0.298,0.352,0.962
0.286,0.354,0.963
0.284,0.346,0.968
0.281,0.338,0.98
0.28,0.326,0.986
0.289,0.327,0.991
0.296,0.325,0.991
0.303,0.322,0.994
0.305,0.318,1
0.308,0.319,0.999
0.311,0.325,0.989
0.309,0.325,0.972
0.31,0.323,0.966
0.318,0.319,0.967
0.316,0.311,0.96
0.298,0.31,0.949
0.292,0.313,0.931
0.286,0.319,0.92
0.287,0.323,0.918
0.287,0.324,0.921
0.28,0.31,0.926
0.274,0.303,0.943
0.266,0.297,0.953
0.267,0.296,0.972
0.274,0.305,0.979
0.279,0.31,0.997
0.288,0.314,1.004
0.288,0.32,1.018
0.285,0.334,1.023
0.287,0.336,1.03
0.279,0.328,1.034
0.277,0.325,1.044
0.275,0.324,1.051
0.273,0.326,1.058
0.273,0.34,1.06
0.276,0.348,1.06
0.279,0.372,1.06
0.283,0.386,1.057
0.29,0.41,1.054
0.297,0.42,1.053
0.303,0.431,1.051
0.306,0.435,1.049
0.309,0.431,1.047
0.303,0.42,1.044
0.281,0.381,1.051
0.273,0.359,1.067
0.427,0.584,1.034
0.44,0.609,1.037
0.463,0.649,1.043
0.488,0.687,1.088
0.603,0.815,1.136
0.685,1.044,1.286
0.872,1.245,1.416
0.903,1.556,1.772
0.779,1.724,1.928
0.76,1.761,2.074
0.601,1.369,2.029
0.459,0.566,1.779
0.335,0.203,1.648
0.254,-0.196,1.324
0.212,-0.267,1.17
0.258,-0.292,0.904
0.241,-0.236,0.812
0.181,-0.031,0.732
0.041,0.097,0.71
-0.05,0.313,0.707
-0.053,0.379,0.692
-0.002,0.434,0.696
0.058,0.444,0.73
0.192,0.468,0.742
0.242,0.472,0.742
0.323,0.462,0.737
0.352,0.458,0.737
0.391,0.443,0.732
0.402,0.44,0.731
0.412,0.454,0.727
0.407,0.453,0.72
0.407,0.431,0.722
0.406,0.422,0.734
0.411,0.4,0.738
0.407,0.377,0.746
0.402,0.364,0.754
0.4,0.334,0.777
0.398,0.322,0.788
0.399,0.298,0.812
0.407,0.29,0.827
0.408,0.29,0.85
0.382,0.286,0.848
0.375,0.29,0.866
0.36,0.298,0.876
0.351,0.299,0.901
0.341,0.297,0.919
0.335,0.323,0.986
0.317,0.352,1.031
0.315,0.4,1.134
0.333,0.407,1.187
0.345,0.366,1.243
0.342,0.345,1.256
0.358,0.327,1.247
0.38,0.315,1.21
0.385,0.307,1.109
0.385,0.314,1.069
0.253,0.346,1.017
0.348,0.36,0.996
0.322,0.395,0.997
0.309,0.402,0.982
0.275,0.407,0.982
0.272,0.414,1
0.282,0.432,1.009
0.283,0.425,1.018
0.293,0.397,1.031
0.299,0.383,1.052
0.311,0.355,1.057
0.315,0.343,1.058
0.321,0.329,1.056
0.322,0.326,1.05
0.317,0.336,1.046
0.314,0.346,1.044
0.308,0.37,1.047
0.305,0.381,1.046
0.297,0.387,1.045
0.293,0.386,1.045
0.297,0.371,1.048
0.299,0.364,1.062
0.319,0.362,1.069
0.332,0.365,1.07
0.338,0.376,1.067
0.34,0.382,1.073
0.353,0.401,1.076
0.358,0.414,1.066
0.363,0.439,1.056
0.362,0.448,1.037
0.354,0.456,1.031
0.342,0.455,1.024
0.321,0.449,1.019
0.312,0.452,1.013
0.307,0.45,1.011
0.307,0.444,1.007
0.305,0.439,1.005
0.305,0.43,0.995
0.308,0.428,0.99
0.307,0.438,0.972
0.302,0.45,0.96
0.3,0.455,0.938
0.293,0.464,0.921
0.29,0.473,0.887
0.3,0.473,0.874
0.3,0.612,0.855
0.299,0.51,0.854
0.305,0.533,0.859
0.318,0.539,0.859
0.332,0.528,0.857
0.367,0.546,0.855
0.386,0.58,0.86
0.411,0.592,0.857
0.426,0.589,0.862
0.448,0.584,0.864
0.45,0.597,0.838
0.404,0.594,0.799
0.403,0.552,0.834
0.444,0.53,0.867
0.463,0.526,0.89
0.485,0.523,0.866
0.497,0.535,0.818
0.515,0.539,0.801
0.513,0.851,0.651
0.508,0.875,0.649
0.513,0.875,0.659
0.49,0.857,0.659
0.461,0.86,0.668
0.454,0.855,0.669
0.434,0.845,0.661
0.398,0.834,0.643
0.395,0.84,0.647
0.382,0.815,0.635
0.348,0.818,0.639
0.355,0.814,0.653
0.35,0.811,0.657
0.353,0.812,0.678
0.37,0.805,0.706
0.395,0.793,0.719
0.393,0.777,0.732
0.395,0.758,0.743
0.407,0.749,0.764
0.417,0.732,0.775
0.425,0.725,0.795
0.431,0.721,0.799
0.407,0.703,0.8
0.408,0.715,0.803
0.41,0.711,0.794
0.403,0.704,0.79
0.406,0.706,0.781
0.407,0.693,0.768
0.375,0.694,0.754
0.379,0.711,0.751
0.386,0.711,0.722
0.367,0.706,0.71
0.359,0.712,0.693
0.362,0.712,0.679
0.357,0.712,0.657
0.363,0.725,0.651
0.366,0.735,0.648
0.392,0.758,0.653
0.4,0.768,0.668
0.426,0.783,0.677
0.435,0.782,0.711
0.451,0.759,0.728
0.454,0.748,0.764
0.467,0.73,0.788
0.475,0.726,0.831
0.481,0.719,0.847
0.486,0.716,0.872
0.478,0.707,0.873
0.468,0.702,0.871
0.457,0.697,0.863
0.452,0.697,0.852
0.419,0.691,0.848
0.407,0.694,0.85
0.385,0.692,0.843
0.371,0.675,0.834
0.369,0.671,0.834
0.365,0.646,0.818
0.333,0.647,0.808
0.34,0.649,0.805
0.368,0.644,0.81
0.384,0.651,0.804
0.325,0.663,0.783
0.311,0.649,0.766
0.307,0.642,0.764
0.325,0.636,0.769
0.348,0.627,0.775
0.36,0.615,0.8
0.385,0.604,0.814
0.388,0.577,0.835
0.383,0.561,0.841
0.383,0.528,0.847
0.377,0.515,0.848
0.369,0.493,0.851
0.371,0.485,0.85
0.368,0.485,0.831
0.359,0.486,0.819
0.354,0.485,0.792
0.322,0.482,0.774
0.321,0.468,0.773
0.32,0.464,0.769
0.309,0.479,0.734
0.278,0.489,0.713
0.135,0.488,0.682
0.233,0.494,0.672
0.231,0.459,0.675
0.239,0.437,0.699
0.245,0.403,0.714
0.252,0.393,0.73
0.26,0.381,0.753
0.278,0.373,0.759
0.282,0.366,0.768
0.29,0.371,0.774
0.291,0.371,0.779
0.294,0.379,0.787
0.292,0.396,0.786
0.293,0.405,0.788
0.298,0.412,0.789
0.301,0.413,0.787
0.317,0.421,0.786
0.327,0.429,0.786
0.351,0.432,0.789
0.36,0.429,0.803
0.38,0.418,0.81
0.391,0.411,0.825
0.413,0.404,0.83
0.42,0.405,0.838
0.441,0.401,0.843
0.453,0.377,0.872
0.438,0.402,0.877
0.44,0.409,0.862
0.437,0.389,0.863
0.432,0.381,0.892
0.422,0.382,0.912
0.418,0.387,0.925
0.427,0.379,0.939
0.44,0.381,0.982
0.463,0.401,1.041
0.466,0.451,1.165
0.413,0.578,1.236
0.46,0.699,1.387
0.467,0.671,1.434
0.42,0.585,1.422
0.39,0.398,1.361
0.338,0.307,1.323
0.301,0.273,1.103
0.282,0.284,0.95
0.269,0.335,0.761
0.256,0.369,0.722
0.243,0.364,0.665
0.232,0.359,0.652
0.227,0.368,0.661
0.229,0.366,0.676
0.257,0.332,0.68
0.274,0.316,0.701
0.306,0.273,0.721
0.322,0.266,0.796
0.355,0.262,0.835
0.364,0.26,0.895
0.396,0.304,0.917
0.405,0.325,0.928
0.411,0.348,0.934
0.416,0.354,0.956
0.407,0.342,0.965
0.407,0.339,0.985
0.403,0.33,0.99
0.4,0.333,0.99
0.394,0.343,0.985
0.392,0.345,0.965
0.395,0.351,0.952
0.395,0.363,0.927
0.398,0.387,0.914
0.398,0.391,0.892
0.394,0.39,0.887
0.387,0.389,0.874
0.368,0.378,0.873
0.362,0.37,0.872
0.356,0.352,0.874
0.357,0.346,0.882
0.368,0.334,0.886
0.375,0.304,0.893
0.417,0.282,0.908
0.454,0.252,0.937
0.511,0.246,0.942
0.515,0.248,0.921
0.502,0.25,0.907
0.494,0.285,0.897
0.392,0.389,0.995
0.279,0.444,1.105
0.299,0.356,1.016
0.367,0.372,0.988
0.447,0.388,0.962
0.453,0.354,0.864
0.432,0.321,0.835
0.424,0.306,0.871
0.399,0.294,0.862
0.388,0.303,0.848
0.371,0.301,0.852
0.357,0.35,0.822
0.302,0.35,0.88
0.34,0.348,0.895
0.338,0.325,0.885
0.341,0.299,0.885
0.347,0.312,0.916
0.35,0.305,0.911
0.36,0.29,0.913
0.343,0.25,0.873
0.34,0.245,0.75
0.341,0.231,0.87
0.333,0.238,0.883
0.325,0.237,0.886
0.346,0.235,0.89
0.344,0.221,0.879
0.34,0.203,0.874
0.358,0.185,0.882
0.362,0.175,0.88
0.367,0.164,0.887
0.379,0.169,0.894
0.396,0.166,0.895
0.397,0.165,0.895
0.399,0.174,0.898
0.403,0.182,0.897
0.412,0.209,0.89
0.405,0.219,0.88
0.381,0.222,0.883
0.362,0.223,0.878
0.321,0.234,0.872
0.305,0.245,0.863
0.281,0.258,0.855
0.271,0.257,0.845
0.254,0.229,0.853
0.254,0.221,0.856
0.268,0.215,0.85
0.277,0.204,0.85
0.302,0.179,0.86
0.314,0.167,0.873
0.344,0.159,0.879
0.36,0.163,0.895
0.39,0.168,0.905
0.407,0.155,0.912
0.436,0.147,0.917
0.451,0.127,0.925
0.466,0.119,0.927
0.468,0.09,0.928
0.462,0.082,0.931
0.456,0.082,0.936
0.455,0.088,0.939
0.46,0.093,0.942
0.47,0.088,0.944
0.474,0.068,0.943
0.476,0.06,0.941
0.479,0.054,0.933
0.481,0.056,0.925
0.482,0.055,0.912
0.489,0.065,0.911
0.488,0.097,0.906
0.49,0.102,0.905
0.495,0.101,0.896
0.504,0.094,0.881
0.577,0.887,1.342
0.664,1.283,1.322
1.143,1.354,1.584
1.234,0.868,1.815
1.06,0.482,1.402
0.734,-0.147,1.149
0.563,-0.312,0.776
0.383,-0.353,0.709
0.375,-0.221,0.797
0.439,-0.114,0.878
0.475,0.002,0.988
0.495,0.006,0.978
0.488,0.005,0.913
0.45,0.025,0.892
0.441,0.08,0.88
0.433,0.102,0.889
0.433,0.118,0.917
0.425,0.099,0.904
0.415,0.049,0.89
0.395,0.018,0.753
0.397,-0.016,0.847
0.391,-0.024,0.848
0.39,-0.026,0.852
0.385,-0.031,0.846
0.385,-0.045,0.838
0.378,-0.059,0.835
0.385,-0.084,0.816
0.399,-0.104,0.795
0.459,-0.09,0.815
0.527,-0.051,0.844
0.594,0.041,0.937
0.612,0.073,0.96
0.631,0.135,0.96
0.63,0.151,0.964
0.615,0.151,0.964
0.61,0.013,0.955
0.597,0.111,0.964
0.584,0.082,0.983
0.545,0.068,0.999
0.514,0.059,1.052
0.427,0.039,1.071
0.377,0.006,1.097
0.284,-0.012,1.091
0.256,-0.055,1.071
0.228,-0.069,1.054
0.238,-0.082,1.022
0.284,-0.084,0.878
0.356,-0.067,0.987
0.374,-0.061,0.965
0.356,-0.062,0.943
0.359,-0.078,0.869
0.356,-0.096,0.847
0.361,-0.094,0.84
0.376,-0.088,0.848
0.386,-0.061,0.872
0.409,-0.047,0.887
0.419,-0.029,0.886
0.424,-0.016,0.879
0.436,0.002,0.875
0.437,0.004,0.888
0.4,0.032,0.902
0.392,0.072,0.927
0.391,0.109,0.933
0.395,0.126,0.946
0.395,0.148,0.951
0.397,0.147,0.981
0.413,0.148,0.996
0.417,0.144,1.009
0.403,0.122,1.007
0.39,0.108,0.991
0.362,0.079,0.978
0.346,0.066,0.944
0.31,0.037,0.931
0.295,0.015,0.914
0.264,-0.01,0.907
0.25,-0.011,0.895
0.219,-0.002,0.895
0.203,0.046,0.906
0.181,0.079,0.915
0.17,0.118,0.928
0.62,0.46,1.8
0.726,0.257,1.002
-0.18,-0.057,0.599
0.713,-0.614,1.62
0.472,-0.418,1.101
0.284,0.371,1.185
0.301,-0.011,1.077
0.177,0.165,0.692
0.408,0.082,0.999
0.486,-0.047,0.821
0.582,-0.09,0.86
0.548,-0.178,0.874
0.533,-0.186,0.699
0.264,-0.168,0.815
0.188,-0.083,0.83
0.164,-0.089,1.196
-0.104,0.108,1.052
-0.029,0.077,1.141
0.115,0.163,0.957
0.118,-0.179,2.284
-0.436,0.283,1.414
-0.024,-0.076,0.524
-0.166,-0.24,0.452
-0.091,-0.035,0.51
-0.076,-0.102,1.461
0.203,0.121,1.863
0.045,-0.109,0.86
0.12,-0.032,1.218
0.151,-0.098,1.145
0.245,-0.18,1.093
0.262,-0.188,1.087
0.24,-0.18,1.079
-0.214,0.104,0.662
0.04,-0.026,1.255
0.028,0.158,1.018
0.043,0.152,1.118
0.044,0.066,1.025
0.052,0.029,1.044
0.059,0.015,1.012
